id,target
c0f722661,-0.8561149802105068
f0953f0a5,-0.41169337999312705
0df072751,-0.2671627648871172
04caf4e0c,-1.8226147410659745
0e63f8bea,-1.5638178947882642
12537fe78,-0.5147355324626559
965e592c0,-0.9464672452425404
